name,name_en,group,group_en
"【閃光】アスナ","Asuna [Lightning Flash]","スタートダッシュ","Starting Dash"
"【黒の剣士】キリト","Kirito [Black Swordsman]","スタートダッシュ","Starting Dash"
"【風林火山】クライン","Klein [Furinkazan]","スタートダッシュ","Starting Dash"
"【冥界の女神】シノン","Sinon [Goddess of Death]","スタートダッシュ","Starting Dash"
"【竜使い】シリカ","Silica [Dragon Tamer]","スタートダッシュ","Starting Dash"
"【MHCP-002】ストレア","Strea [MHCP-002]","スタートダッシュ","Starting Dash"
"【光の科学者】セブン","Seven [Star Scientist]","スタートダッシュ","Starting Dash"
"【剛堅の戦斧】エギル","Agil [Brawny Axeman]","スタートダッシュ","Starting Dash"
"【トレジャーハンター】フィリア","Philia [Treasure Hunter]","スタートダッシュ","Starting Dash"
"【絶剣】ユウキ","Yuuki [Zekken]","スタートダッシュ","Starting Dash"
"【疾風の魔法剣士】リーファ","Leafa [Storm Mage]","スタートダッシュ","Starting Dash"
"【マスターメイサー】リズベット","Lisbeth [Mace Master]","スタートダッシュ","Starting Dash"
"【多刀流】レイン","Rain [Multi-Wielder]","スタートダッシュ","Starting Dash"
"【癒やしの水妖精】アスナ","Asuna [Undine Healer]","生まれ変わったALfheim","Alfheim Reborn"
"【スキル・コネクト】キリト","Kirito [Skill Connect]","生まれ変わったALfheim","Alfheim Reborn"
"【冷徹な狙撃手】シノン","Sinon [Cool-Headed Sniper]","生まれ変わったALfheim","Alfheim Reborn"
"【竜使いの妖精】シリカ","Silica [Fairy Dragon Tamer]","生まれ変わったALfheim","Alfheim Reborn"
"【妖精の鍛冶職人】リズベット","Lisbeth [Fairy Blacksmith]","生まれ変わったALfheim","Alfheim Reborn"
"【疾風の踊り子】アスナ","Asuna [Gale Dancer]","爽風がつなぐ絆","Wind"
"【そよ風の猫妖精】シリカ","Silica [Cait Sith Cyclone]","爽風がつなぐ絆","Wind"
"【絶風】ユウキ","Yuuki [Zeppu]","爽風がつなぐ絆","Wind"
"【爽風の巫女】リーファ","Leafa [Priestress of the Winds]","爽風がつなぐ絆","Wind"
"【豪風を呼びしもの】リズベット","Lisbeth [Stormbringer]","爽風がつなぐ絆","Wind"
"【闇夜の小悪魔】アスナ","Asuna [Gremlins at Midnight]","VR世界のハロウィンパーティ","Halloween"
"【魅了の血牙】キリト","Kirito [Bloodbond]","VR世界のハロウィンパーティ","Halloween"
"【小悪魔の一撃】シノン","Sinon [Gremlin Attack]","VR世界のハロウィンパーティ","Halloween"
"【古城の幼魔女】シリカ","Silica [Young Witch of the Old Castle]","VR世界のハロウィンパーティ","Halloween"
"【トリック・オア・トリート】ユウキ","Yuuki [Trick or Treat]","VR世界のハロウィンパーティ","Halloween"
"【月夜の吸血妃】リズベット","Lisbeth [Vampire Empress]","VR世界のハロウィンパーティ","Halloween"
"【花園に咲く笑顔】シリカ","Silica [Beautiful Blossom]","妖精界の豊穣の祈り","Earth"
"【神樹の恵み】ユウキ","Yuuki [Blessing of Eden]","妖精界の豊穣の祈り","Earth"
"【神樹を守りしもの】リーファ","Leafa [Protector of Eden]","妖精界の豊穣の祈り","Earth"
"【豊穣の祭司】リズベット","Lisbeth [Harvest Priestress]","妖精界の豊穣の祈り","Earth"
"【神炎術士】アスナ","Asuna [Mage of the Gods]","神炎に燃える想い","Fire"
"【神炎の剣客】クライン","Klein [Swordsman of the Gods]","神炎に燃える想い","Fire"
"【神炎銃士】シノン","Sinon [Gunner of the Gods]","神炎に燃える想い","Fire"
"【神炎騎士】ストレア","Strea [Knight of the Gods]","神炎に燃える想い","Fire"
"【聖夜の閃光】アスナ","Asuna [Silent Night's Light]","鈴鳴らす聖夜の贈り物","Christmas"
"【ファンタスティックギフト】キリト","Kirito [Fantastic Gift]","鈴鳴らす聖夜の贈り物","Christmas"
"【聖なる夜の女神】シノン","Sinon [Silent Night Goddess]","鈴鳴らす聖夜の贈り物","Christmas"
"【幸せを運ぶ竜使い】シリカ","Silica [Merry Dragon Tamer]","鈴鳴らす聖夜の贈り物","Christmas"
"【聖夜の奔放剣士】ストレア","Strea [Yuletide Swordswoman]","鈴鳴らす聖夜の贈り物","Christmas"
"【聖夜のトレジャーハンター】フィリア","Philia [Silent Night Hunter]","鈴鳴らす聖夜の贈り物","Christmas"
"【煌星の剣豪】ユウキ","Yuuki [Celestial Swordfighter]","鈴鳴らす聖夜の贈り物","Christmas"
"【慈愛のレジェンドテラー】リーファ","Leafa [Love Raconteur]","鈴鳴らす聖夜の贈り物","Christmas"
"【聖誕祭の職人魂】リズベット","Lisbeth [Christmas Artisan]","鈴鳴らす聖夜の贈り物","Christmas"
"【薄紅に染まる夢】アスナ","Asuna [Dreams in Crimson]","新春を彩る寿ぎの舞初","New Year"
"【初春の射手】シノン","Sinon [Springtime Sniper]","新春を彩る寿ぎの舞初","New Year"
"【無垢なる爛漫】シリカ","Silica [Pure Splendor]","新春を彩る寿ぎの舞初","New Year"
"【祝宴の神楽】ユウキ","Yuuki [Festive Dancer]","新春を彩る寿ぎの舞初","New Year"
"【艶美な追羽根】リーファ","Leafa [Beautiful Battledore Player]","新春を彩る寿ぎの舞初","New Year"
"【キャミソール】アスナ","Asuna [Nightwear]","配布 2016","Event limited (Gift) 2016"
"【囚われの妃】アスナ","Asuna [Captive Princess]","イベント 2016","Event limited 2016"
"【フェアリィ・ダンス】キリト","Kirito [Fairy Dance]","イベント 2016","Event limited 2016"
"【一本釣り】ジーマ","Sima [The Fisherman]","イベント 2016","Event limited 2016"
"【ナイトキャミソール】シノン","Sinon [Nightwear]","キャミソール","Ranking Nightwear"
"【草木花の戦乙女】シノン","Sinon [Pure-Hearted Warrior of Flora]","イベント 2016","Event limited 2016"
"【ナイトキャミソール】シリカ","Silica [Nightwear]","キャミソール","Ranking Nightwear"
"【ナイトキャミソール】ユウキ","Yuuki [Nightwear]","キャミソール","Ranking Nightwear"
"【祝祭の魔女】リーファ","Leafa [Rejoicing Witch]","イベント 2016","Event limited 2016"
"【ナイトキャミソール】リーファ","Leafa [Nightwear]","キャミソール","Ranking Nightwear"
"【ナイトキャミソール】リズベット","Lisbeth [Nightwear]","キャミソール","Ranking Nightwear"
"【流麗の水剣士】アスナ","Asuna [Elegant Water Warrior]","深き海神の導き","Water"
"【潮騒のシンフォニー】セブン","Seven [Symphony of the Sea]","深き海神の導き","Water"
"【おてんば乙姫】ユウキ","Yuuki [Tomboy Queen]","深き海神の導き","Water"
"【めぐる奔流】レイン","Rain [Rushing Torrent]","深き海神の導き","Water"
"【とろける愛情】アスナ","Asuna [Enchanting Love]","極上のスウィートハート","Valentine"
"【いじわる恋天使】シノン","Sinon [Choleric Cupid]","極上のスウィートハート","Valentine"
"【プラトニック・ラブ】シリカ","Silica [Platonic Love]","極上のスウィートハート","Valentine"
"【一途な想い】リーファ","Leafa [Unfulfilled Wish]","極上のスウィートハート","Valentine"
"【鬼っ子リーダー】シノン","Sinon [Demon Leader]","こんな鬼ならウチにほしい？","Setsubun"
"【白き閃光】アスナ","Asuna [White Flash]","存在する理由","HR promotion"
"【本物の黒】キリト","Kirito [True Black]","存在する理由","HR promotion"
"【生まれた感情】プレミア","Premiere [Budding Emotions]","存在する理由","HR promotion"
"【絆の剣】リーファ","Leafa [Bond Sword]","存在する理由","HR promotion"
"【白き閃光】アスナ","Asuna [White Flash]","存在する理由","HR promotion"
"【本物の黒】キリト","Kirito [True Black]","存在する理由","HR promotion"
"【生まれた感情】プレミア","Premiere [Budding Emotions]","存在する理由","HR promotion"
"【絆の剣】リーファ","Leafa [Bond Sword]","存在する理由","HR promotion"
"【立ち向かう決意】アスナ","Asuna [Heart of Confront]","加速する現実","The Accelerating Reality"
"【立ち上がる英雄】キリト","Kirito [Hero's Return]","加速する現実","The Accelerating Reality"
"【プログレッシブ・ガンナー】シノン","Sinon [Progressive Gunner]","加速する現実","The Accelerating Reality"
"【オーグメンテッド・テイマー】シリカ","Silica [Augmented Tamer]","加速する現実","The Accelerating Reality"
"【エフィシェント・スミス】リズベット","Lisbeth [Efficient Smith]","加速する現実","The Accelerating Reality"
"【愛のエール】アスナ","Asuna [Cheer of Love]","フレフレ★LOVEチアーズ","Hooray Love Cheers"
"【必勝ガール】シノン","Sinon [Victorious Girl]","フレフレ★LOVEチアーズ","Hooray Love Cheers"
"【弾ける歓声】シリカ","Silica [Shouting Cheers]","フレフレ★LOVEチアーズ","Hooray Love Cheers"
"【きらめく青春】ストレア","Strea [Glittering Youth]","フレフレ★LOVEチアーズ","Hooray Love Cheers"
"【天使の声援】ユイ","Yui [Angel Cheer]","フレフレ★LOVEチアーズ","Hooray Love Cheers"
"【早春の神楽】アルゴ","Argo [Early Spring Dance]","春風誘うひな祭り","Spring Breeze Hina-Matsuri"
"【花桃の雛】シリカ","Silica [Flower Peach Baby]","春風誘うひな祭り","Spring Breeze Hina-Matsuri"
"【花より団子】プレミア","Premiere [Pudding Rather Than Praise]","春風誘うひな祭り","Spring Breeze Hina-Matsuri"
"【整合騎士】アリス","Alice [Integrity Knight]","騎士たちの邂逅","Alicization, The Knights' Encounter"
"【天賦の才】ユージオ","Eugeo [Born Genius]","騎士たちの邂逅","Alicization, The Knights' Encounter"
"【信望の副団長】アスナ","Asuna [Prestige Vice Commander]","剣舞","Ranking Ken-Bu"
"【秘匿せし二刀】キリト","Kirito [Concealed Dual Blades]","剣舞","Ranking Ken-Bu"
"【新春を告げる奏楽】リズベット","Lisbeth [Bringer of Spring]","イベント 2017","Event limited 2017"
"【凄腕の料理人】レーチカ","Rechka [Queen of Chef]","イベント 2017","Event limited 2017"
"【斬影飛剣】アスナ","Asuna [Shinobi Slash]","百花繚乱くノ一参上","Deadly Beautiful Kunoichi"
"【虚空疾走】リーファ","Leafa [Void Runner]","百花繚乱くノ一参上","Deadly Beautiful Kunoichi"
"【絶影飛翔】ユウキ","Yuuki [Umbral Flight]","百花繚乱くノ一参上","Deadly Beautiful Kunoichi"
"【竜術忍法】シリカ","Silica [Dragon Caster]","百花繚乱くノ一参上","Deadly Beautiful Kunoichi"
"【爆砕の剛斧】エギル","Agil [Explosive Axe]","剣舞","Ranking Ken-Bu"
"【信義の剣客】クライン","Klein [Faithful Swordsman]","剣舞","Ranking Ken-Bu"
"【暗中乱舞】リズベット","Lisbeth [Dark Dancer]","百花繚乱くノ一参上","Deadly Beautiful Kunoichi"
"【煌めきグラドル】リーファ","Leafa [Sparkling Teen Idol]","時空の彼方でオンリーユー♥","Enduring Love in Another Space"
"【天性ポップスター】ユウキ","Yuuki [Natural Pop Star]","時空の彼方でオンリーユー♥","Enduring Love in Another Space"
"【美少女チャイドル】シリカ","Silica [Young Idol]","時空の彼方でオンリーユー♥","Enduring Love in Another Space"
"【魅惑のMCパフォーマー】リズベット","Lisbeth [Fascinating MC Performer]","時空の彼方でオンリーユー♥","Enduring Love in Another Space"
"【変幻自在アーティスト】シノン","Sinon [Free Style Artist]","時空の彼方でオンリーユー♥","Enduring Love in Another Space"
"【愛と努力のヒットアイドル】アスナ","Asuna [Hit Idol of Love and Effort]","時空の彼方でオンリーユー♥","Enduring Love in Another Space"
"【期待のジュニアアイドル】ユイ","Yui [Up-and-coming Tiny Idol]","時空の彼方でオンリーユー♥ 報酬","Enduring Love in Another Space Reward"
"【火狐の巫女装束】シリカ","Silica [Foxy Priestess]","イベント 2017","Event limited 2017"
"【桜色の爛漫】ストレア","Strea [Sakura Romance]","桜満開スクールライフ","Blooming School life"
"【桜の頃の愛娘】ユイ","Yui [Born in Sakura Season]","桜満開スクールライフ","Blooming School life"
"【揺れる青春】フィリア","Philia [Blossom of Youth]","桜満開スクールライフ","Blooming School life"
"【閃光の舞踏】アスナ","Asuna [Lightning Dance]","仮想世界のプリンセス","Princess from the Virtual World"
"【泡沫の想い】リーファ","Leafa [Ephemeral Feelings]","仮想世界のプリンセス","Princess from the Virtual World"
"【型破りの元気頭巾】ユウキ","Yuuki [Eccentric Riding Hood]","仮想世界のプリンセス","Princess from the Virtual World"
"【デンジャラス・キス】シノン","Sinon [Dangerous Kiss]","仮想世界のプリンセス","Princess from the Virtual World"
"【マイリトルラヴァー】シリカ","Silica [My Little Lover]","仮想世界のプリンセス","Princess from the Virtual World"
"【真珠の涙】ユイ","Yui [Pearl Tears]","仮想世界のプリンセス","Princess from the Virtual World"
"【神速の女傑】リーファ","Leafa [Swift Fast Heroine]","剣舞","Ranking Ken-Bu"
"【純愛キッチンメイド】アスナ","Asuna [Kitchen Maid]","キミに届け薫風に舞うメイド","To Your Heart! Maid in Balmy Breeze"
"【清廉スティルルームメイド】シノン","Sinon [Stillroom Maid]","キミに届け薫風に舞うメイド","To Your Heart! Maid in Balmy Breeze"
"【新生トゥイーニー】ユウキ","Yuuki [Fledgling Tweeny]","キミに届け薫風に舞うメイド","To Your Heart! Maid in Balmy Breeze"
"【芳醇デイリーメイド】リーファ","Leafa [Mellow Maid]","キミに届け薫風に舞うメイド","To Your Heart! Maid in Balmy Breeze"
"【熟練パーラーメイド】レイン","Rain [Parlor Maid]","キミに届け薫風に舞うメイド","To Your Heart! Maid in Balmy Breeze"
"【博識スカラリーメイド】セブン","Seven [Omniscient Maid]","キミに届け薫風に舞うメイド","To Your Heart! Maid in Balmy Breeze"
"【鬼才の剣匠】リズベット","Lisbeth [Genius of Sword Smith]","剣舞","Ranking Ken-Bu"
"【青銀の騎士】ユージオ","Eugeo [Blue Silver Knight]","インテグレーション・ビギニング","Alicization, Integration Beginning"
"【黄金の騎士】アリス","Alice [Golden Knight]","インテグレーション・ビギニング","Alicization, Integration Beginning"
"【初夏を彩る乙女】直葉","Suguha [Summer Girl]","眩い乙女の水遊び","Beautiful Girls Playing in the Water"
"【水辺に弾ける笑顔】リズベット","Lisbeth [Smile on Waterfront]","眩い乙女の水遊び","Beautiful Girls Playing in the Water"
"【清きハンター魂】フィリア","Philia [Pure Hunter Soul]","眩い乙女の水遊び","Beautiful Girls Playing in the Water"
"【かくれんぼ少女】スフィカ","Sphica [Hide-and-seek Girl]","イベント 2017","Event limited 2017"
"【天上の審判リブラ】アスナ","Asuna [Libra]","神々と星座の詩","Poetry of Constellation"
"【孤高の咆哮レオ】シノン","Sinon [Leo]","神々と星座の詩","Poetry of Constellation"
"【巡る絆ジェミニ】ユウキ","Yuuki [Gemini]","神々と星座の詩","Poetry of Constellation"
"【深き慈愛アリエス】リーファ","Leafa [Aries]","神々と星座の詩","Poetry of Constellation"
"【憧憬せし剣士】シリカ","Silica [Yearning Blade]","剣舞","Ranking Ken-Bu"
"【六月の金木犀】アリス","Alice [Fragrant Olive in June]","Eternal LOVE -夢見る花嫁-","Eternal Love - Dreaming Brides -"
"【誓いの口づけ】リーファ","Leafa [The Kiss]","Eternal LOVE -夢見る花嫁-","Eternal Love - Dreaming Brides -"
"【あの日の約束】アスナ","Asuna [Promise at that Time]","Eternal LOVE -夢見る花嫁-","Eternal Love - Dreaming Brides -"
"【祝福のブレス】シリカ","Silica [Blessed Breath]","Eternal LOVE -夢見る花嫁-","Eternal Love - Dreaming Brides -"
"【ブーケトスの大ジャンプ】ユウキ","Yuuki [Bouquet Toss]","Eternal LOVE -夢見る花嫁-","Eternal Love - Dreaming Brides -"
"【ピンヒールの花嫁】シノン","Sinon [Stiletto heel Bride]","Eternal LOVE -夢見る花嫁-","Eternal Love - Dreaming Brides -"
"【最強の剣士】ユウキ","Yuuki [Sword Master]","剣舞","Ranking Ken-Bu"
"【蘇りし剣戟】キリト","Kirito [Resurgent Sword]","追想されし刹那","Recalling Moments"
"【彼方の剣客】直葉","Suguha [Faroff Fencer]","追想されし刹那","Recalling Moments"
"【心根の閃光】アスナ","Asuna [Heart Flash]","追想されし刹那","Recalling Moments"
"【注射のお時間】アスナ","Asuna [Time of Injection]","変身っ♪お仕事パラダイス","Workers' Cosplay Paradise"
"【しゅっぱつしんこー!!】ユイ","Yui [All Aboard]","変身っ♪お仕事パラダイス","Workers' Cosplay Paradise"
"【アテンションプリーズ】シリカ","Silica [Attention Please]","変身っ♪お仕事パラダイス","Workers' Cosplay Paradise"
"【新米ポリス】シノン","Sinon [Novice Police]","変身っ♪お仕事パラダイス","Workers' Cosplay Paradise"
"【スパルタ女教師】ストレア","Strea [Spartan Female Teacher]","変身っ♪お仕事パラダイス","Workers' Cosplay Paradise"
"【ローラーウェイトレス】ユナ","Yuna [Roller Waitress]","変身っ♪お仕事パラダイス","Workers' Cosplay Paradise"
"【終焉を告げる弾丸】シノン","Sinon [Death Bullet]","剣舞","Ranking Ken-Bu"
"【勇気の槍筋】サチ","Sachi [Bravery Lance]","剣舞","Ranking Ken-Bu"
"【ARの歌姫】ユナ","Yuna [AR Idol]","配布 2017","Event limited (Gift) 2017"
"【思い出のなかの光】サチ","Sachi [Happy Memories]","イベント 2016","Event limited 2016"
"【雨滴りの乙女】レイン","Rain [Raindrops Girl]","雨雫の協奏曲","Raindrops Concerto"
"【雨季の愉しみ】リーファ","Leafa [Rainy Season Enjoyment]","雨雫の協奏曲","Raindrops Concerto"
"【屋下の興】サクヤ","Sakuya [Indoor Gamer]","雨雫の協奏曲","Raindrops Concerto"
"【恋する料理人】アスナ","Asuna [Made with Love]","配布 2017","Event limited (Gift) 2017"
"【天才クリエイター】ユウキ","Yuuki [Genius Creator]","イベント 2017","Event limited 2017"
"【渚の南国少年】キリト","Kirito [Tropical Beach Boy]","常夏のトロピカル★ドリーム","Tropical ★ Dream"
"【常夏の恋人】アスナ","Asuna [Tropical Lover]","常夏のトロピカル★ドリーム","Tropical ★ Dream"
"【ハツラツ夏色少女】ユウキ","Yuuki [Sunny Summer Girl]","常夏のトロピカル★ドリーム","Tropical ★ Dream"
"【波乗りボーイ】ユージオ","Eugeo [Surfer]","常夏のトロピカル★ドリーム","Tropical ★ Dream"
"【火照りの夏姫】アリス","Alice [Summer Princess]","常夏のトロピカル★ドリーム","Tropical ★ Dream"
"【トロピカルdB】ユナ","Yuna [Tropical dB]","常夏のトロピカル★ドリーム 報酬","Tropical ★ Dream reward"
"【天昇の舞姫】ユウキ","Yuuki [Celestial Dancer]","織姫との逢瀬スカウト","Promised Night of the Stars"
"【再会の誓い】フィリア","Philia [Promise of Reunion]","織姫との逢瀬スカウト","Promised Night of the Stars"
"【星影の祈り】シリカ","Silica [Starlight Prayer]","織姫との逢瀬スカウト","Promised Night of the Stars"
"【夏夜を照らす枝垂柳】アスナ","Asuna [Illuminating Weeping Willow]","YUKATA Night ～花火の下で～","Yukata Night"
"【弾道に咲く朝顔】シノン","Sinon [Fiery Morning Glory]","YUKATA Night ～花火の下で～","Yukata Night"
"【夕暮れに涼む萩】直葉","Suguha [Dusk Lespedeza]","YUKATA Night ～花火の下で～","Yukata Night"
"【愛唱の百日草】セブン","Seven [Zinnia Melody]","YUKATA Night ～花火の下で～","Yukata Night"
"【吹き過ぐ桜楓】レイン","Rain [Blossom Shower]","YUKATA Night ～花火の下で～","Yukata Night"
"【黒の天翼武士】キリト","Kirito [Black Wing]","韓国版リリース記念","Korea Version Release Memorial"
"【癒しの夏美人】アスナ","Asuna [Healing Beauty]","はじける★夏色ガール","Beaming Summer Gals"
"【胸きゅん夏乙女】直葉","Suguha [Midsummer Babe]","はじける★夏色ガール","Beaming Summer Gals"
"【いたずら夏ガール】シノン","Sinon [Mischievous Summer Chick]","はじける★夏色ガール","Beaming Summer Gals"
"【太陽の夏娘】リズベット","Lisbeth [Summer Sunshine]","はじける★夏色ガール","Beaming Summer Gals"
"【ひまわり夏少女】シリカ","Silica [Sunflower Girl]","はじける★夏色ガール","Beaming Summer Gals"
"【本物の心】ユイ","Yui [True Heart]","憧れの歌姫 報酬","Idol Singer Reward"
"【商売上手な露天商】リズベット","Lisbeth [Good Street Vendor]","夏夜の祝祭","Summer Night Festa"
"【夏宵の響声】リーファ","Leafa [Summer Night Shout]","夏夜の祝祭","Summer Night Festa"
"【神楽の舞い】プレミア","Premiere [Kagura Dance]","夏夜の祝祭","Summer Night Festa"
"【気高き船長】キリト","Kirito [Lofty Captain]","嵐に靡くは海賊旗","Jolly Roger in the Stormy Sea"
"【甲板を彩る副船長】アスナ","Asuna [Gorgeous Quartermaster]","嵐に靡くは海賊旗","Jolly Roger in the Stormy Sea"
"【見張り台の名狙撃手】シノン","Sinon [Great Sniper on the Lookout]","嵐に靡くは海賊旗","Jolly Roger in the Stormy Sea"
"【晴れやかなる航海士】リーファ","Leafa [Radiant First Mate]","嵐に靡くは海賊旗","Jolly Roger in the Stormy Sea"
"【直感の操舵手】ユウキ","Yuuki [Intuitive Navigator]","嵐に靡くは海賊旗","Jolly Roger in the Stormy Sea"
"【システムを超える意志】キリト","Kirito [The Will - transcending the system]","信頼の証 運命の絆","Proof of Trust Bonds of Fate"
"【運命を変える意思】アスナ","Asuna [The Will - changing the fate]","信頼の証 運命の絆","Proof of Trust Bonds of Fate"
"【想いと向き合いし剣士】リーファ","Leafa [The Blade - facing the feelings]","信頼の証 運命の絆","Proof of Trust Bonds of Fate"
"【過去を克服せし射手】シノン","Sinon [The Archer - overcoming the past]","信頼の証 運命の絆","Proof of Trust Bonds of Fate"
"【精悍なる刑事】ユージオ","Eugeo [Intrepid Detective]","CM記念 第一弾","CM Memorial #1"
"【神聖剣】ヒースクリフ","Heathcliff [Holy Sword]","攻略戦！強き絆の証 報酬","Assault! Proof of Strong Bonds Reward"
"【金木犀の整合騎士】アリス","Alice [Fragrant Olive Integrity Knight]","巡る世界に重ねた剣","The World Spins with Swords"
"【青薔薇の整合騎士】ユージオ","Eugeo [Blue Rose Integrity Knight]","巡る世界に重ねた剣","The World Spins with Swords"
"【365日】キリト","Kirito [365 Days]","CM記念 第一弾","CM Memorial #1"
"【心を継ぎし水妖精】アスナ","Asuna [Heartful Water fairy]","過ぎゆく時と友情の記憶","Memory of Friendship & Passing of Time"
"【望みを遂げし剣豪】ユウキ","Yuuki [Wish Granter]","過ぎゆく時と友情の記憶","Memory of Friendship & Passing of Time"
"【無邪気な笑顔の守護者】シリカ","Silica [Ingenous Guardian]","過ぎゆく時と友情の記憶","Memory of Friendship & Passing of Time"
"【調和を守りし者】リズベット","Lisbeth [Harmony Keeper]","過ぎゆく時と友情の記憶","Memory of Friendship & Passing of Time"
"【折れない心】クライン","Klein [Strong Mind]","漢達の狂宴","Chivalric Men's Uproarious Banquet"
"【結束の力】エギル","Agil [Band Together]","漢達の狂宴","Chivalric Men's Uproarious Banquet"
"【生き血を捧げよ】キリト","Kirito [Offer Lifeblood]","月夜のハロウィンパレード","Moonlight Halloween Parade "
"【月夜に咆えろ】ユージオ","Eugeo [Howl at the Moon]","月夜のハロウィンパレード","Moonlight Halloween Parade "
"【真夜中の誘惑】アスナ","Asuna [Midnight Temptation]","月夜のハロウィンパレード","Moonlight Halloween Parade "
"【カボチャの騎士】アリス","Alice [Pumpkin Knight]","月夜のハロウィンパレード","Moonlight Halloween Parade "
"【お菓子なハロウィン】リズベット","Lisbeth [Wacky Happy Halloween]","魔城の凶星 報酬","The Malefic Star of the Magic Citadel Reward"
"【恋するヴァンパイア】ユウキ","Yuuki [Vampire in Love]","いたずらハロウィンナイト","Happy Halloween Night"
"【心優しいモンスター】リーファ","Leafa [Sweet Monster]","いたずらハロウィンナイト","Happy Halloween Night"
"【スパイダーウィッチ】シノン","Sinon [Spider Witch]","いたずらハロウィンナイト","Happy Halloween Night"
"【魔女っ娘にゃんこ】シリカ","Silica [Witchy Kitty]","いたずらハロウィンナイト","Happy Halloween Night"
"【華麗なるゴール】アスナ","Asuna [Reach the Finish Line]","友情のバトン！ 秋の大運動会","Baton of Friendship! Sports Festival"
"【いっとうしょうを目指して】ユイ","Yui [Go for the Top]","友情のバトン！ 秋の大運動会","Baton of Friendship! Sports Festival"
"【輝く汗と青春の光】リーファ","Leafa [Flush of Youth]","友情のバトン！ 秋の大運動会","Baton of Friendship! Sports Festival"
"【ネバー・ギブアップ】リズベット","Lisbeth [Never Give Up]","友情のバトン！ 秋の大運動会","Baton of Friendship! Sports Festival"
"【荒野の一匹狼】キリト","Kirito [Lone Wolf in the Wild]","NYCC記念","NYCC Memorial"
"【あの日の約束】キリト","Kirito [Promise at that Time]","キリト&アスナ結婚記念日 2017","Kirito & Asuna Wedding Anniversary 2017"
"【艶肌の女神】アスナ","Asuna [The Glossy Goddess]","どきどき 湯けむり美人の湯","Steamy Beauty Bath Time "
"【見返り美人】シノン","Sinon [Looking Back Beauty]","どきどき 湯けむり美人の湯","Steamy Beauty Bath Time "
"【秘湯べっぴん】リーファ","Leafa [Beauty Secluded in Hot Springs]","どきどき 湯けむり美人の湯","Steamy Beauty Bath Time "
"【紅葉の湯美人】シリカ","Silica [Autumn Leaf Bath Beauty]","どきどき 湯けむり美人の湯","Steamy Beauty Bath Time "
"【溢れる名湯】ストレア","Strea [Abounding Spring Water]","どきどき 湯けむり美人の湯 報酬","Steamy Beauty Bath Time Reward"
"【荒野に降り立つ剣士】キリト","Kirito [Swordsman in the Wilderness]","幻影の弾丸が繋ぐ二人の絆","The Two - Bonded By Phantom Bullets Scout"
"【思慕を寄せる狙撃手】シノン","Sinon [Sniper in Love]","幻影の弾丸が繋ぐ二人の絆","The Two - Bonded By Phantom Bullets Scout"
"【ポーカー・キング】キリト","Kirito [The King of Poker]","紅蓮の切り札","The Crimson Trump Card"
"【レッドハート・クイーン】アスナ","Asuna [The Queen of Hearts]","紅蓮の切り札","The Crimson Trump Card"
"【バニー・エース】ユウキ","Yuuki [The Bunny Ace]","紅蓮の切り札","The Crimson Trump Card"
"【ワイルド・ジョーカー】シノン","Sinon [The Wild Joker]","紅蓮の切り札","The Crimson Trump Card"
"【舞い踊る韓紅花】アスナ","Asuna [Dancing Rose Red]","G-Star記念","G-Star Memorial"
"【サンタの贈り物】アスナ","Asuna [Gift from Santa]","聖夜の銀花が奏でし音色","White Christmas - Footsteps in the Snow"
"【雪夜の訪問者】リーファ","Leafa [Visitor in Snow]","聖夜の銀花が奏でし音色","White Christmas - Footsteps in the Snow"
"【聖夜の高鳴り】アリス","Alice [Excitement on Christmas Eve]","聖夜の銀花が奏でし音色","White Christmas - Footsteps in the Snow"
"【あわてんぼうトナカイ】ユージオ","Eugeo [Hasty Reindeer]","聖夜の銀花が奏でし音色","White Christmas - Footsteps in the Snow"
"【君だけのサンタさん】レイン","Rain [Personal Santa]","聖夜の銀花が奏でし音色 報酬","White Christmas - Footsteps in the Snow Reward"
"【サンタが訪れる夜】セブン","Seven [Santa is coming]","聖夜の銀花が奏でし音色 報酬","White Christmas - Footsteps in the Snow Reward"
"【雪道の案内人】キリト","Kirito [Guide in Snow]","心に降る約束の粉雪","My Heart's Snowfall"
"【雪花の祝福】サチ","Sachi [Snow Blessings]","心に降る約束の粉雪","My Heart's Snowfall"
"【スノー・スナイパー】シノン","Sinon [Snow Sniper]","星降る夜の妖精サンタ","Starry Night Fairy Santa"
"【雪に舞う想い】リズベット","Lisbeth [Thoughts on Snowfall]","星降る夜の妖精サンタ","Starry Night Fairy Santa"
"【ホーリー・テイマー】シリカ","Silica [Holy Tamer]","星降る夜の妖精サンタ","Starry Night Fairy Santa"
"【クリスマスの奇跡】ユウキ","Yuuki [Chistmas Miracle]","星降る夜の妖精サンタ","Starry Night Fairy Santa"
"【血盟騎士団】キリト","Kirito [Knights of the Blood]","譲らぬ意思 宿命の対決","Fateful Showdown - Sticking to Their Guns"
"【絶対防御】ヒースクリフ","Heathcliff [Ultimate Defence]","譲らぬ意思 宿命の対決","Fateful Showdown - Sticking to Their Guns"
"【忠実な愛】アスナ","Asuna [Constant Love]","年越し! ログインキャンペーン","New Year's Eve Log-in CP"
"【絵馬に込めた願い事】アスナ","Asuna [Votive Prayers]","晴れ着でウキウキ初詣♪ ","Happy Hatsumoude in Kimono♪"
"【かじかんだ手で鈴の音を】アリス","Alice [Ring the Bell]","晴れ着でウキウキ初詣♪ ","Happy Hatsumoude in Kimono♪"
"【羽子板にぶつける想い】シノン","Sinon [Swing a Battledore with Love]","晴れ着でウキウキ初詣♪ ","Happy Hatsumoude in Kimono♪"
"【羽根と心は初空に】リズベット","Lisbeth [Fly a Shuttlecock with My Heart]","晴れ着でウキウキ初詣♪ ","Happy Hatsumoude in Kimono♪"
"【下の句コネクト】キリト","Kirito [Haiku Composer]","グローバルスカウト","Global Scout"
"【星条旗を胸に】アスナ","Asuna [Stars and Stripes]","グローバルスカウト","Global Scout"
"【水遊びのディアンドル】リーファ","Leafa [Splash in Dirndl]","グローバルスカウト","Global Scout"
"【チャイナドレスの看板娘】シリカ","Silica [Girl in Chinese Dress]","グローバルスカウト","Global Scout"
"【そよ風に舞うチマチョゴリ】シノン","Sinon [Korean dress in the breeze]","グローバルスカウト","Global Scout"
"【大願成就】リーファ","Leafa [Realization of Big Wishes]","招福の風舞う新年の宴","First Play in the New Year's Breeze"
"【笑う門には福来る】キリト","Kirito [Fortune comes in at the merry gate]","招福の風舞う新年の宴","First Play in the New Year's Breeze"
"【吉祥の青空】シリカ","Silica [Auspicious Blue Sky]","招福の風舞う新年の宴","First Play in the New Year's Breeze"
"【初春の風に乗って】ユウキ","Yuuki [New Year's Breeze]","招福の風舞う新年の宴","First Play in the New Year's Breeze"
"【神仕の狐巫女】アスナ","Asuna [Foxy Shrine Maiden]","開運! はじめての巫女体験","First Priestess Experience"
"【祈願の巫女舞】ユイ","Yui [Sacred Dance]","開運! はじめての巫女体験","First Priestess Experience"
"【更衣のハプニング】シノン","Sinon [The Unexpected]","開運! はじめての巫女体験","First Priestess Experience"
"【麗しの巫女装束】直葉","Suguha [Gorgeous Priestress Costume]","開運! はじめての巫女体験","First Priestess Experience"
"【信念を貫く剣】キリト","Kirito [Stick to your beliefs]","預けた背中に芽生える想い","Leaning on You Scout"
"【未来を切り開く瞳】シノン","Sinon [Clear a path for your future]","預けた背中に芽生える想い","Leaning on You Scout"
"【慈愛のショコラティエ】アスナ","Asuna [Affectionate Chocolatier]","甘〜いひととき 恋のショコラティエール","Sweet Chocolatiere - Melt Your Sweetheart"
"【天真のショコラティエ】ユウキ","Yuuki [Innocent Chocolatier]","甘〜いひととき 恋のショコラティエール","Sweet Chocolatiere - Melt Your Sweetheart"
"【可憐のショコラティエ】シリカ","Silica [Lovely Chocolatier]","甘〜いひととき 恋のショコラティエール","Sweet Chocolatiere - Melt Your Sweetheart"
"【純愛のショコラティエ】リズベット","Lisbeth [Pure Hearted Chocolatier]","甘〜いひととき 恋のショコラティエール","Sweet Chocolatiere - Melt Your Sweetheart"
"【気鋭のショコラティエ】フィリア","Philia [Spirited Chocolatier]","燃える純真!! バレンタイン・ウォーズ 報酬","Passionate Pure Hearts - Valentine's Day Frenzy Reward"
"【動物たちを従えて】シノン","Sinon [Accompanied By Animals]","手に汗握る!? 夢のサーカス一座","Dream Circus - Breathtaking Performances"
"【翅なしの飛翔】リーファ","Leafa [Flying Without Wings]","手に汗握る!? 夢のサーカス一座","Dream Circus - Breathtaking Performances"
"【できるまで何度でも】ユイ","Yui [Keep Trying]","手に汗握る!? 夢のサーカス一座","Dream Circus - Breathtaking Performances"
"【強さを求めて】クレハ","Kureha [Seeking Strength]","配布 2018","Event limited (Gift) 2018"
"【閃光の射撃手】アスナ","Asuna [Flash Shooter]","鋼鉄貫く運命の銃弾","Fatal Bullet - Unstoppable Force"
"【疾風のガンナー】リーファ","Leafa [Gale Gunner]","鋼鉄貫く運命の銃弾","Fatal Bullet - Unstoppable Force"
"【荒野の竜使い】シリカ","Silica [Dragon Tamer in the Wild]","鋼鉄貫く運命の銃弾","Fatal Bullet - Unstoppable Force"
"【鉄世界の強き心】リズベット","Lisbeth [Stout Heart in the World of Steel]","鋼鉄貫く運命の銃弾","Fatal Bullet - Unstoppable Force"
"【曲げられない信念】キリト","Kirito [Strong Faith]","呼び醒まされし記憶スカウト","Reawakened Memories"
"【揺るがぬ信頼】アスナ","Asuna [Robust Faith]","呼び醒まされし記憶スカウト","Reawakened Memories"
"【Ordinal Number 2nd】エイジ","Eiji [Ordinal Number 2nd]","呼び醒まされし記憶スカウト","Reawakened Memories"
"【進化する歌姫】ユナ","Yuna [Shifting Idol Singer]","呼び醒まされし記憶スカウト","Reawakened Memories"
"【繋がる想い】ユウキ","Yuuki [Tied Together]","ORDINAL SCALE Another Stage 報酬","ORDINAL SCALE Another Stage Reward"
"【青春の日々】アスナ","Asuna [Youthful Days]","春色の制服メモリー","The Vernal Memory"
"【憧れの日常】ユウキ","Yuuki [The Conveted Life]","春色の制服メモリー","The Vernal Memory"
"【ちっこい主人公】レン","LLENN [Itsy-Bitsy Heroine]","もう一つのガンゲイル・オンライン","Another Gun Gale Online"
"【猛毒の美女】ピトフーイ","Pitohui [Toxic Beauty]","もう一つのガンゲイル・オンライン","Another Gun Gale Online"
"【心優しき歌姫】ユナ","Yuna [Sweet Idol Singer]","イベント 2018","Event limited 2018"
"【麗しの狐娘】アスナ","Asuna [Foxy Beauty]","モフっとキャラチェンジ♪","Furry Morphin' Time ♪"
"【恥じらいの狸娘】アリス","Alice [Bashful Tanuki Girl]","モフっとキャラチェンジ♪","Furry Morphin' Time ♪"
"【天真爛漫な犬娘】リーファ","Leafa [Innocent Puppy]","モフっとキャラチェンジ♪","Furry Morphin' Time ♪"
"【可憐な兎娘】シノン","Sinon [Cute Bunny]","モフっとキャラチェンジ♪","Furry Morphin' Time ♪"
"【クールなネジっ娘】ワールス","Waals [Cool Screw]","イベント 2018","Event limited 2018"
"【魅惑のライダー】シノン","Sinon [Charming Rider]","配布 2018","Event limited (Gift) 2018"
"【天真爛漫な祝福】ストレア","Strea [Ingenuous Blessing]","ゲームシリーズ5周年記念","SAO Game 5th Anniversary"
"【トレジャーハンターの祝福】フィリア","Philia [Treasure Hunter's Blessing]","ゲームシリーズ5周年記念","SAO Game 5th Anniversary"
"【スウィート・ボイス】アスナ","Asuna [Sweet Voice]","Fairy Magic","Fairy Magic"
"【ファンキー・プレイ】ユウキ","Yuuki [Funky Play]","Fairy Magic","Fairy Magic"
"【グルーヴィー・サウンド】リズベット","Lisbeth [Groovy Sound]","Fairy Magic","Fairy Magic"
"【エンジェル・トーン】シリカ","Silica [Angelic Tone]","Fairy Magic","Fairy Magic"
"【シャミセン・ロック】プレミア","Premiere [Shamisen Rock]","Pop Star Online LIVE BATTLE!! 報酬","Pop Star Online LIVE BATTLE!! Reward"
"【戦場のピンク】レン","LLENN [Pink in Battle]","銃弾バトルロイヤル","Bullet Battle Royal"
"【凄腕の毒鳥】ピトフーイ","Pitohui [Toxic Gun Master]","銃弾バトルロイヤル","Bullet Battle Royal"
"【アイドル・エコー】セブン","Seven [Sweet Vocals]","Rainbow Sky","Rainbow Sky"
"【トリッキー・リズム】レイン","Rain [Cool Drum Beats]","Rainbow Sky","Rainbow Sky"
"【パーフェクト・プレイ】シノン","Sinon [Perfect Play]","Rainbow Sky","Rainbow Sky"
"【パッション・ストローク】リーファ","Leafa [Passionate Strumming]","Rainbow Sky","Rainbow Sky"
"【女神の祝福】プレミア","Premiere [Goddess Blessing]","ゲームシリーズ5周年記念","SAO Game 5th Anniversary"
"【多刀流の祝福】レイン","Rain [Countless Swords Blessing]","ゲームシリーズ5周年記念","SAO Game 5th Anniversary"
"【才女の祝福】セブン","Seven [Talented Womans Blessing]","ゲームシリーズ5周年記念","SAO Game 5th Anniversary"
"【漆黒の斬撃】キリト","Kirito [Black Master Swordsman]","戦場に集いし剣聖","Master Swordsmen in the Battlefield"
"【神速の一閃】アスナ","Asuna [Nimble Slash]","戦場に集いし剣聖","Master Swordsmen in the Battlefield"
"【天を貫く弓】シノン","Sinon [Sky Bow]","戦場に集いし剣聖","Master Swordsmen in the Battlefield"
"【疾風の剣撃】リーファ","Leafa [Swifty Slash]","戦場に集いし剣聖","Master Swordsmen in the Battlefield"
"【小柄な二丁持ち】フカ次郎","Fukaziroh [Little Gunner]","グレネード弾メダル 報酬","Grenade Medal Reward"
"【こどもじゃないもん】アスナ","Asuna [I'm not a kid]","つないだ手と手 こどもの日","Hand in Hand - Children’s Day"
"【お姉さん気分】ユウキ","Yuuki [Feels like a big sis]","つないだ手と手 こどもの日","Hand in Hand - Children’s Day"
"【リトルビューティー】レン","LLENN [Little Beauty]","銃士たちの休息日","A Rest Day for Gunners"
"【魅惑の眼差し】ピトフーイ","Pitohui [Charming Look]","銃士たちの休息日","A Rest Day for Gunners"
"【小さな壊し屋】フカ次郎","Fukaziroh [Storm Baby]","銃士たちの休息日","A Rest Day for Gunners"
"【閃光の祝福】アスナ","Asuna [Blessing of Light]","ゲームシリーズ5周年記念","SAO Game 5th Anniversary"
"【英雄の祝福】キリト","Kirito [Hero's Blessing]","ゲームシリーズ5周年記念","SAO Game 5th Anniversary"
"【抑えきれない愛情】アスナ","Asuna [Unrestrained Emotion]","烈火の想い秘め咲く花嫁","Passionate Bloom"
"【心に秘める愛の形】直葉","Suguha [Unrequited Love]","烈火の想い秘め咲く花嫁","Passionate Bloom"
"【優雅に舞う花びら】レイン","Rain [Fluttering Petals]","烈火の想い秘め咲く花嫁","Passionate Bloom"
"【希望の笑顔咲く花嫁】リズベット","Lisbeth [Hopeful Smile]","烈火の想い秘め咲く花嫁","Passionate Bloom"
"【凛と咲く一輪の花】アリス","Alice [A Lone Flower]","かんざしメダル 報酬","Hairpin Medal Reward"
"【風と共に疾る閃光】アスナ","Asuna [Flash with Wind]","ドキドキ 衣装ちぇんじ♪","So Psyched ♪ Costume Change"
"【空翔ける魔弾】リーファ","Leafa [Magical Bullet]","ドキドキ 衣装ちぇんじ♪","So Psyched ♪ Costume Change"
"【幻影を絶つ刃】シノン","Sinon [Illusion Killer]","ドキドキ 衣装ちぇんじ♪","So Psyched ♪ Costume Change"
"【光煌めく絶剣】ユウキ","Yuuki [Sparkling Zekken]","ドキドキ 衣装ちぇんじ♪","So Psyched ♪ Costume Change"
"【仲間と荒野を征く】キリト","Kirito [Fellowship on the Field]","荒野に来たりし戦友たち","Fellow Soldiers in the Wilderness"
"【背中を預ける戦友と共に】シノン","Sinon [Leaning on My Fellow Soldier]","荒野に来たりし戦友たち","Fellow Soldiers in the Wilderness"
"【荒野に来たりし絶剣】ユウキ","Yuuki [Zekken in the Wilderness]","荒野に来たりし戦友たち","Fellow Soldiers in the Wilderness"
"【戦場に立つMHCP】ストレア","Strea [MHCP on the Frontline]","荒野に来たりし戦友たち","Fellow Soldiers in the Wilderness"
"【オーシャンリゾート】アスナ","Asuna [Ocean Resort]","恋する乙女のサマー・バケーション","Girl in Love - Summer Vacation"
"【サマースプラッシュ】ユウキ","Yuuki [Summer Splash]","恋する乙女のサマー・バケーション","Girl in Love - Summer Vacation"
"【トロピカルフルーツ】シリカ","Silica [Tropical Fruit]","恋する乙女のサマー・バケーション","Girl in Love - Summer Vacation"
"【パラソルシャイン】リズベット","Lisbeth [Shine Parasol]","恋する乙女のサマー・バケーション","Girl in Love - Summer Vacation"
"【視線の先の君】直葉","Suguha [Caught My Eye]","貝がらメダル 報酬","Shell Medal Reward"
"【誇りの剣戟】アリス","Alice [Proud Sword]","誓いを立てし剣聖","Devoted Master Swordsmen"
"【信頼の剣戟】ユージオ","Eugeo [Trusted Sword]","誓いを立てし剣聖","Devoted Master Swordsmen"
"【不思議の国の女王】アリス","Alice [Queen of Wonderland]","モンストコラボ","Monster Strike Mash Up"
"【新世界の創造主】ユージオ","Eugeo [Ark Savior]","モンストコラボ","Monster Strike Mash Up"
"【ビーチ・ランサー】リーファ","Leafa [Beach Lancer]","風を感じて♪ウェルカムサマー!","Feel the Breeze ♪ Welcome Summer"
"【スパークリング・ガンナー】シノン","Sinon [Sparkling Gunner]","風を感じて♪ウェルカムサマー!","Feel the Breeze ♪ Welcome Summer"
"【ドルフィン・ジャンパー】レイン","Rain [Dolphin Jumper]","風を感じて♪ウェルカムサマー!","Feel the Breeze ♪ Welcome Summer"
"【ドルフィン・ライダー】セブン","Seven [Dolphin Rider]","風を感じて♪ウェルカムサマー!","Feel the Breeze ♪ Welcome Summer"
"【英雄の軌跡】キリト","Kirito [Hero's Achievment]","プログレッシブ編連動","Progressive Manga Linked"
"【閃光の軌跡】アスナ","Asuna [Light Trajectory]","プログレッシブ編連動","Progressive Manga Linked"
"【誇り高き主神】キリト","Kirito [Orgulous God]","ラグナロクに挑みし神々","Gods' Toughest Fight with Ragnarok "
"【豊穣の女神】アスナ","Asuna [God of Fertility]","ラグナロクに挑みし神々","Gods' Toughest Fight with Ragnarok "
"【導きの戦乙女】アリス","Alice [Valkyrie]","ラグナロクに挑みし神々","Gods' Toughest Fight with Ragnarok "
"【解き放たれし巨狼】ユージオ","Eugeo [Unleashed Werewolf]","ラグナロクに挑みし神々","Gods' Toughest Fight with Ragnarok "
"【神託の預言者】ユイ","Yui [The Oracle Prophet]","2ndカウントダウンチケット 報酬","#2 Countdown Ticket VIP Reward"
"【勇猛なる軍神】リーファ","Leafa [The Brave War God]","激闘を告げる神々の炎","Fierce Fight in the Inferno of the Gods "
"【死者を束ねし女王】シノン","Sinon [The Death Queen]","激闘を告げる神々の炎","Fierce Fight in the Inferno of the Gods "
"【神を翻弄する者】ユウキ","Yuuki [Deceiver of the Gods]","激闘を告げる神々の炎","Fierce Fight in the Inferno of the Gods "
"【復讐の刃】アスナ","Asuna [Vindictive Blade]","異世界の英雄たち テイルズ オブ ザ レイズ コラボ","Heroes in Another World - Collaboration with TALES OF THE RAYS"
"【仮面の剣士】キリト","Kirito [Masked Swordsman]","異世界の英雄たち テイルズ オブ ザ レイズ コラボ","Heroes in Another World - Collaboration with TALES OF THE RAYS"
"【精霊の主】リーファ","Leafa [The Spirit]","異世界の英雄たち テイルズ オブ ザ レイズ コラボ","Heroes in Another World - Collaboration with TALES OF THE RAYS"
"【異国の少女】シリカ","Silica [Foreign Girl]","異世界の英雄たち テイルズ オブ ザ レイズ コラボ","Heroes in Another World - Collaboration with TALES OF THE RAYS"
"【大精霊】ミラ","Milla [Great Spirit]","テイルズ オブ ザ レイズ コラボ","Collaboration with TALES OF THE RAYS"
"【心優しき導師】スレイ","Sorey [Pure-Minded Master]","テイルズ オブ ザ レイズ コラボ","Collaboration with TALES OF THE RAYS"
"【憂国の騎士姫】シノン","Sinon [Knight Princess]","妖精の国の英雄譚 -Tales of ALO- テイルズ オブ ザ レイズ コラボ","Fairyland Saga -Tales of ALO-  Collaboration with TALES OF THE RAYS"
"【神速の二刀流】キリト","Kirito [Ultrafast Dualblades]","交差する世界 時を超える絆","The Crossover World - Timeless Bond"
"【未来へと繋ぐ想い】アスナ","Asuna [Linked to the Future]","交差する世界 時を超える絆","The Crossover World - Timeless Bond"
"【大地を穿つ金木犀】アリス","Alice [Great Fragrant Olive Tree]","交差する世界 時を超える絆","The Crossover World - Timeless Bond"
"【命を咲かせる青薔薇】ユージオ","Eugeo [Blue Rose in Full Glory]","交差する世界 時を超える絆","The Crossover World - Timeless Bond"
"【もうひとつの正義】マコト","Makoto [Another Justice]","2ndアニバーサリーチケット 報酬","#2 Anniversary Ticket VIP Reward"
"【メモデフやろうぜ】ノブナガ","Nobunaga [Let's play Memory Defrag]","CM記念 第二弾","CM Memorial #2"
"【ありがとう2周年】ヨシツグ","Yoshitsugu [Happy 2nd Anniversary]","CM記念 第二弾","CM Memorial #2"
"【世界を紡ぐ一本の矢】シノン","Sinon [The World Linking Arrow]","時を超える疾風と嚆矢","Gales & Arrows -Transcending Time"
"【時空を貫く疾風】リーファ","Leafa [A Gale Blows Via Time & Space]","時を超える疾風と嚆矢","Gales & Arrows -Transcending Time"
"【小悪魔ナビゲーション】セック","Thokk [Navigation Pixie]","2ndアニバーサリーチケット 報酬","#2 Anniversary Ticket VIP Reward"
"【想いを継ぎし水剣士】アスナ","Asuna [Swordsman of Water]","空翔ける世界 新たな絆","The World You Can Fly - New Bond"
"【想いを刻みし絶剣】ユウキ","Yuuki [Zekken with Feelings]","空翔ける世界 新たな絆","The World You Can Fly - New Bond"
"【月夜の戯れ】アスナ","Asuna [Moonlit Lark]","麗しき乙女のナイトメア - ハロウィン","Beauty's Nightmare - Halloween"
"【美しき怪物】アリス","Alice [Beautiful Monster]","麗しき乙女のナイトメア - ハロウィン","Beauty's Nightmare - Halloween"
"【無邪気な好奇心】キリト","Kirito [Innocent Curiosity]","在りし日の木洩れ陽","Through the Sunlight"
"【無垢なる心】ユージオ","Eugeo [Innocent Mind]","在りし日の木洩れ陽","Through the Sunlight"
"【眩しき面差し】アリス","Alice [Shining Look]","在りし日の木洩れ陽","Through the Sunlight"
"【魔界の剣匠】リズベット","Lisbeth [Devildom Swordsmith]","冥府に堕ちたる妖精たち - ハロウィン","Fallen Fairies in the Netherworld - Halloween"
"【破滅の魔剣士】リーファ","Leafa [Baleful Magic Swordsman]","冥府に堕ちたる妖精たち - ハロウィン","Fallen Fairies in the Netherworld - Halloween"
"【ヘルヘイムの冥王】マコト","Makoto [Helheim King]","冥府に堕ちたる妖精たち - ハロウィン","Fallen Fairies in the Netherworld - Halloween"
"【ハロウィンの魔法】シリカ","Silica [Halloween Magic]","かぼちゃのメダル 報酬 - ハロウィン","Pumpkin Medal Reward - Halloween"
"【歓びの婚礼】アスナ","Asuna [Joyful Wedding]","キリト&アスナ結婚記念日 2018","Kirito & Asuna Wedding Anniversary 2018"
"【炎渦の鴉天狗】ユウキ","Yuuki [Baleful Karasu Tengu]","秋夜に舞う妖艶な鬼火","Bewitching Fatuous Fire"
"【紅一閃の神弓】シノン","Sinon [Red Flash Divine Archer]","秋夜に舞う妖艶な鬼火","Bewitching Fatuous Fire"
"【猛火の鬼娘】リズベット","Lisbeth [Fiery Ogre Girl]","秋夜に舞う妖艶な鬼火","Bewitching Fatuous Fire"
"【召喚忍術】アルゴ","Argo [Shokan Ninjutsu]","着物のメダル 報酬","Kimono Medal Reward"
"【秋風の武人】アリス","Alice [Autumn Slasher]","疾風の剣客","Gale Blade"
"【烈風の若武者】ユージオ","Eugeo [Whirlwind Young Warrior]","疾風の剣客","Gale Blade"
"【湯浴み天女】アスナ","Asuna [Hot Spring Angel]","朧月夜と色づく玉肌","Glowing Skin in Hazy Moonlight "
"【月見の乙女】直葉","Suguha [Moonlight Maiden]","朧月夜と色づく玉肌","Glowing Skin in Hazy Moonlight "
"【アインクラッド流】キリト","Kirito [Aincrad-Style]","約束の剣に込めた意志","Promised Sword"
"【セルルト流継承者】ソルティリーナ","Sortiliena [Serlut-Style Inheritor]","約束の剣に込めた意志","Promised Sword"
"【ルミナス・オーナメント】アスナ","Asuna [Luminous Ornaments]","荒野に降り立つ白雪のガンナー","The Snowy Gunners"
"【トゥインクル・イブハート】シリカ","Silica [Twinkle Hearts]","荒野に降り立つ白雪のガンナー","The Snowy Gunners"
"【サンタ・サプライズ】レン","LLENN [Santa Surprise]","ベルのメダル 報酬 - クリスマス","Bell Medal Reward - Xmas"
"【トナカイ・パラシュート】フカ次郎","Fukaziroh [Parachute Reindeer]","ベルのメダル 報酬 - クリスマス","Bell Medal Reward - Xmas"
"【優しき見習い剣士】ロニエ","Ronie [Kind Apprentice Swordsman]","見習い剣士のピュアハート","Pure-Hearted Novice Trainee"
"【ひたむきな見習い剣士】ティーゼ","Tiese [Devoted Apprentice Swordsman]","見習い剣士のピュアハート","Pure-Hearted Novice Trainee"